providerName,providerNodeId,itemReference,externalReference,itemReferenceVersion,itemVersion,itemDescriptor,contentDescriptor
MathsPathway,PNI0000001,16272cd5-8ce2-4c76-8dad-4fa4ee5628b1,ACMNA075,d9b587bd-76cc-4016-9b5b-0cb74ea84716,4,"7,  8 and 9 Times Tables",Multiplication and division facts up to 10
SPA,PNI0000002,TC-TGHU6543,ACMNA073,,,,
BrightPath,PNI0000003,Narrative Scale 350,Narrative Scale 350,,,"Story includes an orientation, a complication and may include a resolution",
BrightPath,PNI0000004,Narrative Scale 350,Narrative Scale 350,,,,
BrightPath,PNI0000005,Narrative Scale 360,Narrative Scale 360,,,,
BrightPath,PNI0000006,Narrative Scale 300,Narrative Scale 300,,,,
BrightPath,PNI0000007,Narrative Scale 320,Narrative Scale 320,,,,
BrightPath,PNI0000008,Narrative Scale 400,Narrative Scale 400,,,,
BrightPath,PNI0000009,Narrative Scale 330,Narrative Scale 330,,,,
BrightPath,PNI0000010,Narrative Scale 420,Narrative Scale 420,,,,
BrightPath,PNI0000011,Persuasive Scale 280,Persuasive Scale 280,,,,
BrightPath,PNI0000012,Persuasive Scale 220,Persuasive Scale 220,,,,
BrightPath,PNI0000013,Persuasive Scale 180,Persuasive Scale 180,,,,
BrightPath,PNI0000014,Persuasive Scale 90,Persuasive Scale 90,,,,
BrightPath,PNI0000015,Persuasive Scale 200,Persuasive Scale 200,,,,
BrightPath,PNI0000016,Persuasive Scale 110,Persuasive Scale 110,,,,
BrightPath,PNI0000017,Persuasive Scale 185,Persuasive Scale 185,,,,
BrightPath,PNI0000018,Persuasive Scale 170,Persuasive Scale 170,,,,
MathsPathway,PNI0000019,0087ed86-bf12-44b9-b9cf-61bc2b3a519c,ACMNA075,,,,
MathsPathway,PNI0000020,00935b04-15de-4026-b093-85d59d3415bc,ACMNA073,,,,
MathsPathway,PNI0000021,009dec4f-7ac8-4df3-888a-bff43ab6c7e5,ACMNA071,,,,
MathsPathway,PNI0000022,00a494de-c4ea-4710-8ad3-45394cc824b1,ACMNA069,,,,
MathsPathway,PNI0000023,00cd921e-b4aa-4493-8fb2-00d24ebfbb11,ACMNA067,,,,
MathsPathway,PNI0000024,00e6a88e-f481-4984-8edb-a7f6b95e23c0,ACMNA065,,,,
MathsPathway,PNI0000025,017be608-1ebf-434f-92b4-01a274b03a45,ACMNA063,,,,
MathsPathway,PNI0000026,01841c1e-4108-4f2b-8bc0-9da0a5357fe7,ACMNA061,,,,
MathsPathway,PNI0000027,01bb1cc9-281e-41be-80d4-343d96aa9592,ACMNA059,,,,
MathsPathway,PNI0000028,01eb7e89-5050-4179-bc4f-7ea4840ee16d,ACMNA057,,,,
MathsPathway,PNI0000029,02a1a4d1-8ea3-4415-8e00-7c2d5f49a0ab,ACMNA055,,,,
MathsPathway,PNI0000030,02cd7be7-22a9-4ac8-a089-5453c2aab886,ACMNA053,,,,
MathsPathway,PNI0000031,03f6ec21-b359-400e-90a4-b72558252682,ACMNA051,,,,
MathsPathway,PNI0000032,04e72080-f1f2-4959-a27b-aaf353249608,ACMNA049,,,,
MathsPathway,PNI0000033,058ebc35-b8a0-475d-b017-ad898eb165f4,ACMNA047,,,,
MathsPathway,PNI0000034,05a75a54-3917-42c1-969a-6616f11b5510,ACMNA045,,,,
MathsPathway,PNI0000035,05bd7992-5801-4a23-a1d5-bef5e34809f7,ACMNA043,,,,
MathsPathway,PNI0000036,06e72631-fecb-4d3c-b652-8256e483ca61,ACMNA041,,,,
MathsPathway,PNI0000037,06f50bb1-1da5-4bda-839d-27396976d96d,ACMNA039,,,,
MathsPathway,PNI0000038,07063a56-57c1-4138-92ee-9c4b5515333a,ACMNA037,,,,
MathsPathway,PNI0000039,080f09f2-6f58-4d7d-99dd-8117e9b463ff,ACMNA035,,,,
MathsPathway,PNI0000040,086f6845-3fa2-4c90-b5cf-3e539b47b2e5,ACMNA033,,,,
MathsPathway,PNI0000041,092ed35a-c0f2-4297-a3f9-18ddb7dcf78d,ACMNA031,,,,
MathsPathway,PNI0000042,09558cee-8c84-4711-bbfd-9935fdfcbb13,ACMNA029,,,,
MathsPathway,PNI0000043,095fbdb4-16aa-49d9-bab1-3e6d7c38c78c,ACMNA027,,,,
MathsPathway,PNI0000044,099bf537-e4b3-4927-8c48-9c0dfbf9ae78,ACMNA025,,,,
MathsPathway,PNI0000045,09de298e-03a2-4bc6-b678-8de6ee652225,ACMNA023,,,,
MathsPathway,PNI0000046,0a10b051-f7b2-4c4b-b285-264bd2d038c2,ACMNA021,,,,
MathsPathway,PNI0000047,0a702f32-db53-4009-a182-932e1a0c7337,ACMNA019,,,,
MathsPathway,PNI0000048,0ac9b17d-68fc-4fd3-bc44-ccd9d79afd53,ACMNA017,,,,
MathsPathway,PNI0000049,0b3d4cb2-4c37-4ee7-9f33-3d553c7c2cda,ACMNA015,,,,
MathsPathway,PNI0000050,0bc9fba7-7062-41ce-b53a-a2aa2e022b3b,ACMNA013,,,,
MathsPathway,PNI0000051,0c0d4bf9-13a3-48d8-97a6-65dff70d8043,ACMNA011,,,,
MathsPathway,PNI0000052,0c89287e-71ad-4cea-b9a0-9e4ee2a89cf8,ACMNA009,,,,
MathsPathway,PNI0000053,0c9a9e8b-517b-42b6-b530-0f835753e1f3,ACMNA007,,,,
MathsPathway,PNI0000054,0d50aa8c-3d93-482c-a46b-bd64d01eaaec,ACMNA005,,,,
MathsPathway,PNI0000055,0de728e2-4c7b-4a4d-a994-93c1011f1bfe,ACMNA003,,,,
MathsPathway,PNI0000056,0dfd729d-efee-49fa-9f29-16202b81a6b6,ACMNA001,,,,
MathsPathway,PNI0000057,0fdfda89-f7d2-41e4-8c6a-d6fd3c5824f3,ACMNA005,,,,
MathsPathway,PNI0000058,12b3485f-3659-484c-928c-f9207cd014ae,ACMSP117,,,,
MathsPathway,PNI0000059,139c009a-7154-4474-807d-c5f7e8c53f8d,ACMSP116,,,,
MathsPathway,PNI0000060,13d6f005-3a03-4e58-b0f1-87273b963ce9,ACMSP115,,,,
MathsPathway,PNI0000061,13e75085-4f74-4f5a-b783-3926b20d46cb,ACMSP114,,,,
MathsPathway,PNI0000062,1444fd03-1974-472a-a65a-84619d9bb9c7,ACMSP113,,,,
MathsPathway,PNI0000063,147a0df0-57c2-4461-8ef4-5ead6593168d,ACMSP112,,,,
MathsPathway,PNI0000064,15af8ef8-81a3-4015-9714-71db70992006,ACMSP111,,,,
MathsPathway,PNI0000065,15b792f1-e9bc-432f-b75b-5ab064c8ef52,ACMSP110,,,,
MathsPathway,PNI0000066,15fd04be-8008-492c-8a36-326c59358a1d,ACMSP109,,,,
MathsPathway,PNI0000067,16272cd5-8ce2-4c76-8dad-4fa4ee5628b1,ACMSP108,,,,
MathsPathway,PNI0000068,16842a81-ad19-4751-9bc5-3d62c4c7ab99,ACMSP107,,,,
MathsPathway,PNI0000069,17315275-4b23-4188-8fff-c1afdc08cfa6,ACMSP106,,,,
MathsPathway,PNI0000070,1774cb19-dd53-4394-8750-cbc23e927c3f,ACMSP105,,,,
MathsPathway,PNI0000071,17ef3e32-72fb-43f4-8835-57149f303a37,ACMSP104,,,,
MathsPathway,PNI0000072,18c17c49-714f-46fc-9861-b8b83d3a5f35,ACMSP103,,,,
MathsPathway,PNI0000073,1930d128-71ac-4a5e-ac75-2429225284a8,ACMSP102,,,,
MathsPathway,PNI0000074,19c5f7ea-73e8-40bb-b9ae-b63e58b6ac0b,ACMSP101,,,,
MathsPathway,PNI0000075,1b9b9201-79a2-4dba-b3c9-4e4d0fdf0f98,ACMSP100,,,,
MathsPathway,PNI0000076,1c223ed6-4e7e-4556-bddd-bf0dc9f9026a,ACMSP99,,,,
MathsPathway,PNI0000077,1c4f96e2-a2de-45a5-b25f-7db3e77f2d6e,ACMSP98,,,,
MathsPathway,PNI0000078,1c610558-d421-4924-af79-d0d44cad5441,ACMSP97,,,,
MathsPathway,PNI0000079,1d233516-474a-4102-8a2e-5441075f5775,ACMSP96,,,,
MathsPathway,PNI0000080,1da61d66-4f77-4392-9824-5593e4bc5002,ACMSP95,,,,
MathsPathway,PNI0000081,1e6c8941-2876-46d8-9897-3d77f8499511,ACMSP94,,,,
MathsPathway,PNI0000082,1e6efc47-eaab-4b09-a53d-2d9f2a166dcb,ACMSP93,,,,
MathsPathway,PNI0000083,1e789cc0-a5b7-41e2-b15b-4c49709e24bb,ACMSP92,,,,
MathsPathway,PNI0000084,1fa388f5-b0f2-4b38-b60f-7d2fc2ad6003,ACMSP91,,,,
MathsPathway,PNI0000085,1fade781-b4bd-4579-9980-288fb955ed4f,ACMSP90,,,,
MathsPathway,PNI0000086,201f77eb-4797-4122-9c9c-1ceeae2881ba,ACMSP89,,,,
MathsPathway,PNI0000087,22024b4f-3e8b-4106-886d-792885cccad9,ACMSP88,,,,
MathsPathway,PNI0000088,220f4e99-3ea1-43e2-84d8-6981fca6090f,ACMSP87,,,,
MathsPathway,PNI0000089,22217e04-a221-427d-8cd0-c88690346183,ACMSP86,,,,
MathsPathway,PNI0000090,222c5998-6e07-4531-8c2f-6731ef5afbbe,ACMSP85,,,,
MathsPathway,PNI0000091,2249cdb6-2d97-40ef-8509-1fab8c4794e8,ACMSP84,,,,
MathsPathway,PNI0000092,2329a74d-8a82-462f-aa5f-febdb92ad1eb,ACMSP83,,,,
MathsPathway,PNI0000093,23b62d20-4ec8-4368-8e82-d5f58fa27b2f,ACMSP82,,,,
MathsPathway,PNI0000094,23c3086d-9432-4565-8bee-6f9b29a00bd2,ACMSP81,,,,
MathsPathway,PNI0000095,2436d37f-49ae-4c76-9441-01126d9ff7d3,ACMSP80,,,,
MathsPathway,PNI0000096,244c0482-b54f-4962-a148-30c6fa63fe14,ACMSP79,,,,
MathsPathway,PNI0000097,2568eabb-258c-48bd-be1b-872842b9b2f1,ACMSP78,,,,
MathsPathway,PNI0000098,267231bf-3140-4a35-86bd-edd2eed7b503,ACMSP77,,,,
MathsPathway,PNI0000099,2741f495-08e6-4575-9585-6f0d8270a687,ACMSP76,,,,
MathsPathway,PNI0000100,276407da-9331-4b23-a2a8-e665cf33d5e6,ACMSP75,,,,
MathsPathway,PNI0000101,27846de9-0d04-4e7e-8218-b4911a759444,ACMSP74,,,,
MathsPathway,PNI0000102,27b493c4-0869-4616-801a-b89f85e295c3,ACMSP73,,,,
MathsPathway,PNI0000103,287ad6eb-ca0d-4636-b2d0-4310e0261262,ACMSP72,,,,
MathsPathway,PNI0000104,28c49873-be6d-41d0-b96d-d257775c036e,ACMSP71,,,,
MathsPathway,PNI0000105,28e6c3ce-d46a-4a0f-8990-f9544c1c7755,ACMSP70,,,,
MathsPathway,PNI0000106,293c30fa-50b7-4e5f-b00c-723c9505c346,ACMSP69,,,,
MathsPathway,PNI0000107,2aa9c36a-4230-45a2-abb9-c61d7f3bd9d4,ACMSP68,,,,
MathsPathway,PNI0000108,2cafbd03-4757-4d5a-a3d3-7255c6200157,ACMSP67,,,,
MathsPathway,PNI0000109,2cfc4a3f-74a3-4c74-a38d-bb524351dc90,ACMSP66,,,,
MathsPathway,PNI0000110,2e1404a4-9b72-4133-ac7d-7c29bbf77489,ACMSP65,,,,
MathsPathway,PNI0000111,2f284881-b568-4fa7-9d45-7e7d4b0b88b6,ACMSP64,,,,
MathsPathway,PNI0000112,2f2e4c7a-318e-48d1-8733-a810dd4962d1,ACMSP63,,,,
MathsPathway,PNI0000113,2f467b48-3b1a-4ca9-87ad-d0102066e40f,ACMSP62,,,,
MathsPathway,PNI0000114,3040a33f-51c2-42b8-88a7-1a191cf8b211,ACMSP61,,,,
MathsPathway,PNI0000115,30f65063-934e-492c-b5d6-817f54ee41bd,ACMSP60,,,,
MathsPathway,PNI0000116,31377b6c-86f8-4f8d-bf4b-2d7d783bb3ce,ACMSP59,,,,
MathsPathway,PNI0000117,313fe0f0-0eb8-46f8-86dd-c94fe4e64624,ACMSP58,,,,
MathsPathway,PNI0000118,31c72ef1-3198-4f46-8eb9-9c7df7ada662,ACMSP57,,,,
MathsPathway,PNI0000119,31f4bc01-6bab-466c-95f0-7cdbb34184a7,ACMSP56,,,,
MathsPathway,PNI0000120,32634d20-98af-479d-991e-fb066edf69c5,ACMSP55,,,,
MathsPathway,PNI0000121,32a191ea-7950-466e-a34c-77a61cc1bccf,ACMSP54,,,,
MathsPathway,PNI0000122,32f0cd06-ec46-4339-b2e0-b12dbaaa5ef5,ACMSP53,,,,
MathsPathway,PNI0000123,33318a7c-5767-4d4f-b340-4b42cabe9e80,ACMSP52,,,,
MathsPathway,PNI0000124,3376ada7-7cef-4965-ae3b-245d8c23fed8,ACMSP51,,,,
MathsPathway,PNI0000125,35169ee8-8e02-4566-b80b-33dcf94914a4,ACMSP50,,,,
MathsPathway,PNI0000126,355849bf-0be1-47ff-aa26-29eb1afbb389,ACMSP49,,,,
MathsPathway,PNI0000127,35971229-70c6-4cc4-bf86-7f598420c063,ACMSP48,,,,
MathsPathway,PNI0000128,3680507f-227c-4d09-8a50-91eb767d9485,ACMSP47,,,,
MathsPathway,PNI0000129,377cb734-5434-461e-8785-6006764693fd,ACMSP46,,,,
MathsPathway,PNI0000130,3795563e-f03f-45be-8f05-abb019d99aa1,ACMSP45,,,,
MathsPathway,PNI0000131,38c026d7-cdbb-4938-9a04-9605a2ab8bed,ACMSP44,,,,
MathsPathway,PNI0000132,395d7f1b-7839-43a0-b26d-6764c80edf2a,ACMSP43,,,,
MathsPathway,PNI0000133,3967ee28-51c8-4c2c-b2bf-f45a804d355c,ACMSP42,,,,
MathsPathway,PNI0000134,3a5ae607-6da8-4f17-8bdc-4305eb088d89,ACMSP41,,,,
MathsPathway,PNI0000135,3bd7b428-d780-4957-9d05-3aa5bb22e858,ACMSP40,,,,
MathsPathway,PNI0000136,3c01267d-5da2-4a45-be2f-a07f587c0d30,ACMSP39,,,,
MathsPathway,PNI0000137,3c18fc8b-0eeb-4aaa-bccb-735400886788,ACMSP38,,,,
MathsPathway,PNI0000138,3d5f24b2-fe10-4933-8504-bbdfccb769b1,ACMSP37,,,,
MathsPathway,PNI0000139,3dea6726-58f2-45bd-8612-01899f5cdaa1,ACMSP36,,,,
MathsPathway,PNI0000140,3e31152a-30ed-4773-838b-a0cf40b492f2,ACMSP35,,,,
MathsPathway,PNI0000141,3e414b48-940e-4e77-bbdb-830165a80f5e,ACMSP34,,,,
MathsPathway,PNI0000142,3eaed899-f65d-48ed-950c-3cc61b5c316a,ACMSP33,,,,
MathsPathway,PNI0000143,3f06b61c-6cd1-4008-a18f-dd8993c49749,ACMSP32,,,,
MathsPathway,PNI0000144,3f633088-f267-49c5-94dd-af0e41d00aae,ACMSP31,,,,
MathsPathway,PNI0000145,3f68419e-7635-4faf-9ad6-630ef80865e0,ACMSP30,,,,
MathsPathway,PNI0000146,409b3a2c-14ac-4d34-a40c-bf1f3ee91d2f,ACMSP29,,,,
MathsPathway,PNI0000147,4159e84c-c849-4d2e-8794-d53556772e9b,ACMSP28,,,,
MathsPathway,PNI0000148,42d46bdd-4a5a-4388-9406-a231fd83e8d8,ACMSP27,,,,
MathsPathway,PNI0000149,442fc2ae-6b8b-4b78-ac68-6df4db3f97b3,ACMSP26,,,,
MathsPathway,PNI0000150,4441d10e-4f39-41af-ba78-4ec55b7f4e81,ACMSP25,,,,
MathsPathway,PNI0000151,448368cd-1595-4f69-8547-06e82db2a42b,ACMSP24,,,,
MathsPathway,PNI0000152,464cef2c-ff2c-435b-86b2-c9cb06b9d85c,ACMSP23,,,,
MathsPathway,PNI0000153,4673660e-3ead-41b9-ad28-0299e155beaa,ACMSP22,,,,
MathsPathway,PNI0000154,47257f1f-561f-4eaf-99ee-0ec9fc71b69c,ACMSP21,,,,
MathsPathway,PNI0000155,4726143b-35a7-4e0c-825c-7d4533f0eb8c,ACMSP20,,,,
MathsPathway,PNI0000156,4727d417-79d5-4c70-8d8f-832f7a527606,ACMSP19,,,,
MathsPathway,PNI0000157,47739955-324f-415b-b355-55ab93a15e62,ACMSP18,,,,
MathsPathway,PNI0000158,48037c01-6b91-4468-9e9d-c228d15de392,ACMSP17,,,,
MathsPathway,PNI0000159,482e6b58-a8b5-44f1-8d5f-40328abf962d,ACMSP16,,,,
MathsPathway,PNI0000160,48acfd64-14fc-4694-adc9-7207d973900b,ACMSP15,,,,
MathsPathway,PNI0000161,491e1942-520d-46de-95b9-3efaff3c6395,ACMSP14,,,,
MathsPathway,PNI0000162,49865e47-aa80-4ea2-9a1f-5ce807001e5a,ACMSP13,,,,
MathsPathway,PNI0000163,4a3e3f6f-7f62-4294-a68f-4fad4b4d2be9,ACMSP12,,,,
MathsPathway,PNI0000164,4aba2886-ba97-404d-98e3-29c4bc547107,ACMSP11,,,,
MathsPathway,PNI0000165,4ac3a6a2-7430-4d80-b310-ce938406ef73,ACMSP10,,,,
MathsPathway,PNI0000166,4ad1baf1-c648-43f6-a508-629fdddd300b,ACMSP9,,,,
MathsPathway,PNI0000167,4b5ce954-1a06-4b2f-abcc-37c6d27d3409,ACMSP8,,,,
MathsPathway,PNI0000168,4bbde733-df8d-425e-8955-405e4a0c8c3e,ACMSP7,,,,
MathsPathway,PNI0000169,4c0da978-f14b-4009-897b-bcfaf2bea94e,ACMSP6,,,,
MathsPathway,PNI0000170,4c17fa74-89bb-4c68-a604-f656fa0249f6,ACMSP5,,,,
MathsPathway,PNI0000171,4c767509-69a2-4b17-9ddd-e042a236e212,ACMSP4,,,,
MathsPathway,PNI0000172,4ce67263-105a-46ba-879e-469a579fec91,ACMSP3,,,,
MathsPathway,PNI0000173,4d199b93-08b5-4f96-a62c-450e42e45376,ACMSP2,,,,
MathsPathway,PNI0000174,4d2e7822-1d07-43f1-8605-2232504b1f12,ACMSP1,,,,
MathsPathway,PNI0000175,4e512394-f276-47d8-b076-c5f7a683eb19,ACMSP0,,,,
MathsPathway,PNI0000176,4e53942c-e9f4-460a-ae20-05980f71990b,ACMSP250,,,,
MathsPathway,PNI0000177,4ea5e30b-a658-45f6-bae5-b9a9923ef7a8,ACMSP249,,,,
MathsPathway,PNI0000178,4eeffc64-5f96-4f04-b3e0-208855289aec,ACMSP248,,,,
MathsPathway,PNI0000179,4f7a858b-0d65-438f-8e8b-8be47819c6ff,ACMSP247,,,,
MathsPathway,PNI0000180,4fb928b6-5385-4535-bafc-330ab81d72e4,ACMSP246,,,,
MathsPathway,PNI0000181,4fc82958-405d-40dc-8ec7-ba6525b4663d,ACMSP245,,,,
MathsPathway,PNI0000182,4fe36384-f95b-4daf-8c36-8d4380410f7b,ACMSP244,,,,
MathsPathway,PNI0000183,504f6a42-f939-4168-a9a3-f06853a8ce41,ACMSP243,,,,
MathsPathway,PNI0000184,5085d483-8646-43e7-9ab6-9f9a7dfe884b,ACMSP242,,,,
MathsPathway,PNI0000185,50a9736e-f4b0-4ebf-9a0b-b47aa7fe9c79,ACMSP241,,,,
MathsPathway,PNI0000186,50b37d98-a982-4436-b4a4-6151c41a14bd,ACMSP240,,,,
MathsPathway,PNI0000187,50bd580d-9e08-48a0-800b-3b06b271c6da,ACMSP239,,,,
MathsPathway,PNI0000188,50d1374e-63de-4b6e-a175-3f09264f523b,ACMSP238,,,,
MathsPathway,PNI0000189,52f18060-3ba4-44c7-980c-16da8d5bb152,ACMSP237,,,,
MathsPathway,PNI0000190,53a95afd-2e52-4b0b-ad32-d2b118ccc9be,ACMSP236,,,,
MathsPathway,PNI0000191,542876e6-620b-40bc-9438-e2796f95f6c3,ACMSP235,,,,
MathsPathway,PNI0000192,547ca652-2cd3-4295-9021-d642da9f1a77,ACMSP234,,,,
MathsPathway,PNI0000193,551feb6e-dc53-4089-aad1-a6db4e2d470c,ACMSP233,,,,
MathsPathway,PNI0000194,556ac9f2-4aed-4ed5-b93c-5888f322c729,ACMSP232,,,,
MathsPathway,PNI0000195,55f4f8ae-471e-4e04-bda0-26df4f02fe8d,ACMSP231,,,,
MathsPathway,PNI0000196,56c40b4d-5c61-4502-ab0c-4e9209558528,ACMSP230,,,,
MathsPathway,PNI0000197,571d1100-b33b-40db-aad5-e3bff855d292,ACMSP229,,,,
MathsPathway,PNI0000198,5734a75f-9f63-497f-993d-44c28405ca0c,ACMSP228,,,,
MathsPathway,PNI0000199,575ea2f9-4aa1-456a-86f8-3eba0cfdb6c5,ACMSP227,,,,
MathsPathway,PNI0000200,57df5884-45f0-4ccd-9b3d-4a2c67eaa098,ACMSP226,,,,
MathsPathway,PNI0000201,589e5222-b786-4b1e-89fe-b4c786ed526b,ACMSP225,,,,
MathsPathway,PNI0000202,58c324cb-1e66-48d8-a83b-a802dfbf4ab3,ACMSP224,,,,
MathsPathway,PNI0000203,58f3aaf7-6a71-49bc-8981-072bc5fa2dbf,ACMSP223,,,,
MathsPathway,PNI0000204,59c06544-20dc-4293-b549-c249ef67c2eb,ACMSP222,,,,
MathsPathway,PNI0000205,59df1b02-a564-4c22-81d0-9e68e9be0715,ACMSP221,,,,
MathsPathway,PNI0000206,59ec7d7a-d8db-4231-8625-9c4b2a4c2fa0,ACMSP220,,,,
MathsPathway,PNI0000207,59f05ff4-a971-481b-9f14-b5adb72047ef,ACMSP219,,,,
MathsPathway,PNI0000208,59f31f80-335c-42d9-ad64-77c51bf6d5be,ACMSP218,,,,
MathsPathway,PNI0000209,5b0d758d-b73f-4b3e-95f3-ebff6a8e13a0,ACMSP217,,,,
MathsPathway,PNI0000210,5bb2cd2e-2e66-4a7b-88cb-c36fba4f1520,ACMSP216,,,,
MathsPathway,PNI0000211,5bf3105e-10f3-4fd2-a658-2dca4d78c586,ACMSP215,,,,
MathsPathway,PNI0000212,5c7fcb18-b280-4701-baec-c90e527e3b0c,ACMSP214,,,,
MathsPathway,PNI0000213,5cf6441b-3ad7-43c3-844e-ba03ff7c1c9d,ACMSP213,,,,
MathsPathway,PNI0000214,5d760248-a967-492b-a688-862cbf226f4d,ACMSP212,,,,
MathsPathway,PNI0000215,5de14cf8-ed7a-4baf-aa70-dd0ffa145f83,ACMSP211,,,,
MathsPathway,PNI0000216,5e7eb754-f74f-40ae-8b14-68372d4ca309,ACMSP210,,,,
MathsPathway,PNI0000217,5ecae9dc-e5e6-4c26-a905-b10afc7221f2,ACMSP209,,,,
MathsPathway,PNI0000218,5ed5f12b-7fc0-4971-b9e9-c0ea1ae1c105,ACMSP208,,,,
MathsPathway,PNI0000219,5f5d0639-19f7-4c4d-9119-baffcd3cf579,ACMSP207,,,,
MathsPathway,PNI0000220,60644535-7ddc-4b15-a3b4-0062b4863230,ACMSP206,,,,
MathsPathway,PNI0000221,607b9a8b-e3d9-4fc0-9085-13ba25b3c39d,ACMSP205,,,,
MathsPathway,PNI0000222,60de2178-9b77-43f8-afff-04586f06777f,ACMSP204,,,,
MathsPathway,PNI0000223,61164e2e-e7e1-4cba-9d34-f4aced2876b4,ACMSP203,,,,
MathsPathway,PNI0000224,61237490-e318-439d-8e00-277266be10a4,ACMSP202,,,,
MathsPathway,PNI0000225,614f6fe2-2e94-44e9-bf23-b4c84bd2ca96,ACMSP201,,,,
MathsPathway,PNI0000226,62781a79-3613-4c6a-a1e2-95007997d14c,ACMSP200,,,,
MathsPathway,PNI0000227,62a95741-d8f8-46c6-a6ca-ca6e16d2a402,ACMSP199,,,,
MathsPathway,PNI0000228,62d2e112-c72c-4057-a768-9e07c4426276,ACMSP198,,,,
MathsPathway,PNI0000229,631b86f2-b01d-4d49-b93c-7c51cdbfd821,ACMSP197,,,,
MathsPathway,PNI0000230,636d7bcc-1b70-4ca7-9653-40ff205f24c1,ACMSP196,,,,
MathsPathway,PNI0000231,63ab5938-2d84-42f6-b274-e60086de8ac6,ACMSP195,,,,
MathsPathway,PNI0000232,64591686-c382-4f05-b7f9-3803180d9701,ACMSP194,,,,
MathsPathway,PNI0000233,645f3132-83c4-4138-86ba-4434e1de5790,ACMSP193,,,,
MathsPathway,PNI0000234,64754e9e-54ed-4f67-8b22-bd4b90ec3694,ACMSP192,,,,
MathsPathway,PNI0000235,64e7de67-17f5-4c06-afca-610936405882,ACMSP191,,,,
MathsPathway,PNI0000236,65433eba-5cf6-4f59-9066-5ac99d6a9fac,ACMSP190,,,,
MathsPathway,PNI0000237,654eb94a-6c69-4ab2-acc1-44559a3676f3,ACMSP189,,,,
MathsPathway,PNI0000238,6570729b-0d4a-4277-a2bf-a25ffd3061ff,ACMSP188,,,,
MathsPathway,PNI0000239,66b18ac9-2aad-4ae4-be62-14f7c1d2d380,ACMSP187,,,,
MathsPathway,PNI0000240,672461c9-5e04-4463-9261-a930b63af63a,ACMSP186,,,,
MathsPathway,PNI0000241,67635e3b-8aee-4cd3-b640-e2574698adf4,ACMSP185,,,,
MathsPathway,PNI0000242,67760965-2d5d-4e15-9439-db3b0034f085,ACMSP184,,,,
MathsPathway,PNI0000243,67ec6a45-19d6-4ddb-985f-0d4ffdd01c7b,ACMSP183,,,,
MathsPathway,PNI0000244,683f95ed-e1b5-4311-a4f1-75d7823dd9d1,ACMSP182,,,,
MathsPathway,PNI0000245,684de26c-fae3-43af-bf58-15d3a11cfa90,ACMSP181,,,,
MathsPathway,PNI0000246,68543570-45c3-44ed-9f89-5b309a5ddc59,ACMSP180,,,,
MathsPathway,PNI0000247,68f8497e-9406-45f7-9381-c80cae1f7b18,ACMSP179,,,,
MathsPathway,PNI0000248,693c9770-cfb9-4974-b550-5492ba6f1019,ACMSP178,,,,
MathsPathway,PNI0000249,69df4c9a-45ac-426e-9669-97782e8f6e71,ACMSP177,,,,
MathsPathway,PNI0000250,6ae3cdbc-34e5-4c0d-8c1f-77dbd11a40da,ACMSP176,,,,
MathsPathway,PNI0000251,6b1956eb-c9af-4687-9e68-fac538084f99,ACMSP175,,,,
MathsPathway,PNI0000252,6b438c84-04f8-49c5-bc1a-3a966194a4c3,ACMSP174,,,,
MathsPathway,PNI0000253,6b82050f-3cfd-4a0a-879f-225781dc1839,ACMSP173,,,,
MathsPathway,PNI0000254,6c5491ee-dc4d-4635-b448-bfb59df6b7a4,ACMSP172,,,,
MathsPathway,PNI0000255,6d10ba28-836f-4316-94bf-ab45539bf856,ACMSP171,,,,
MathsPathway,PNI0000256,6d1e6605-9070-48c9-99fb-626d4ab7f65a,ACMSP170,,,,
MathsPathway,PNI0000257,6de29289-698e-4598-886f-1192b2d4b54a,ACMSP169,,,,
MathsPathway,PNI0000258,6e07f331-e397-4e9d-a66c-909a4575a64d,ACMSP168,,,,
MathsPathway,PNI0000259,6e44f436-db66-4d7a-bd7b-b4983cf822c6,ACMSP167,,,,
MathsPathway,PNI0000260,6e71a3e0-f054-4134-b125-0c01f4ffa0c7,ACMSP166,,,,
MathsPathway,PNI0000261,6eaccb1e-1e5b-403d-9952-b94862ef02ce,ACMSP165,,,,
MathsPathway,PNI0000262,6f084ef6-835a-4aee-be1f-a5a71a6616c3,ACMSP164,,,,
MathsPathway,PNI0000263,6f689682-fcb7-4bd3-9586-28f3828ab052,ACMSP163,,,,
MathsPathway,PNI0000264,704566a3-f4e4-4bc3-b336-6d65e06c084e,ACMSP162,,,,
MathsPathway,PNI0000265,711da4ea-5bbc-4800-a95f-7790cfab7e89,ACMSP161,,,,
MathsPathway,PNI0000266,712a6ea7-0e80-4b84-ac49-30bb5f682963,ACMSP160,,,,
MathsPathway,PNI0000267,716739fd-186e-4031-bba2-60922dc277c7,ACMSP159,,,,
MathsPathway,PNI0000268,71d647a0-e1ab-43e5-a5d9-8c7378536e10,ACMSP158,,,,
MathsPathway,PNI0000269,7228b8f2-6388-4592-bbac-185fd00d2518,ACMSP157,,,,
MathsPathway,PNI0000270,732243ff-db38-490a-a3f5-0ea84a2359b6,ACMSP156,,,,
MathsPathway,PNI0000271,73d62a64-68ce-44ff-8feb-545fcf842e0a,ACMSP155,,,,
MathsPathway,PNI0000272,7474feb6-540f-41be-a545-172ab98796f4,ACMSP154,,,,
MathsPathway,PNI0000273,76345988-be07-4430-b1d1-6691919868f6,ACMSP153,,,,
MathsPathway,PNI0000274,7827704f-92be-457d-a8f5-c5817a5698cf,ACMSP152,,,,
MathsPathway,PNI0000275,7947ec2e-ccad-4a40-9f5a-819d1ea88e0f,ACMSP151,,,,
MathsPathway,PNI0000276,79e78e54-c3dd-4dc6-aa47-e64bf0f90b87,ACMSP150,,,,
MathsPathway,PNI0000277,79fd0ccd-f9e8-49f0-8099-67b67d8b8756,ACMSP149,,,,
MathsPathway,PNI0000278,7b68ac8c-4bc9-4db8-9eb1-ae0963be2202,ACMSP148,,,,
MathsPathway,PNI0000279,7cb5cd28-0b9b-4caf-a34d-01d58e5277a5,ACMSP147,,,,
MathsPathway,PNI0000280,7d24f542-712c-459e-b5dd-a1d55310a1e5,ACMSP146,,,,
MathsPathway,PNI0000281,7e57e3ef-52c1-47a4-8eb3-61e0b39c2c99,ACMSP145,,,,
MathsPathway,PNI0000282,7ea2e3a1-fffa-4c5f-ba1f-cab703c0f709,ACMSP144,,,,
MathsPathway,PNI0000283,7eb63084-fe6d-498a-afab-eda4ca155c3a,ACMSP143,,,,
MathsPathway,PNI0000284,7f538c02-c07f-42e8-b3c0-a4b305f94cc7,ACMSP142,,,,
MathsPathway,PNI0000285,7fdc3c78-bbae-4b90-8c50-2bd05c874198,ACMSP141,,,,
MathsPathway,PNI0000286,7ffd0227-9556-469d-a0a6-f5caf29817f8,ACMSP140,,,,
MathsPathway,PNI0000287,80c50340-4dec-4d54-a457-7b66c7c5fa65,ACMSP139,,,,
MathsPathway,PNI0000288,82e6c3ce-c1fa-4409-8cc2-36efa7764b3c,ACMSP138,,,,
MathsPathway,PNI0000289,835eb61e-2d4b-43ac-ad6a-1f336dcf6406,ACMSP137,,,,
MathsPathway,PNI0000290,84159bfd-990c-4193-af38-0d29ebc44cde,ACMSP136,,,,
MathsPathway,PNI0000291,84ca2e73-c4a6-460f-83ec-04a6c1858bd8,ACMSP135,,,,
MathsPathway,PNI0000292,8513e964-d6ac-40fd-b879-b789f6543006,ACMSP134,,,,
MathsPathway,PNI0000293,852ab9b5-abc9-48fc-ae0b-9ae2b943b7d2,ACMSP133,,,,
MathsPathway,PNI0000294,856da82a-dba4-4303-9022-5d44dc984162,ACMSP132,,,,
MathsPathway,PNI0000295,859a7ca9-16d8-41c0-bd2c-b4c01c8aa4cd,ACMSP131,,,,
MathsPathway,PNI0000296,85d98cf7-ffde-48ae-a692-7ac2d351f07f,ACMSP130,,,,
MathsPathway,PNI0000297,862d61a0-288f-4146-a63b-dc5ef2f0d86e,ACMSP129,,,,
MathsPathway,PNI0000298,86bba796-aef8-4b7d-ad46-9390facfe6f7,ACMSP128,,,,
MathsPathway,PNI0000299,86ecbf92-65be-4da0-b78e-393bad553f45,ACMSP127,,,,
MathsPathway,PNI0000300,87a7bb40-07e9-458b-8bbd-fc410fa735e7,ACMSP126,,,,
MathsPathway,PNI0000301,87cafbcb-174f-46c1-81c8-208b6046bb01,ACMSP125,,,,
MathsPathway,PNI0000302,8908d716-5870-4ff1-9d0c-603b554bf8b4,ACMSP124,,,,
MathsPathway,PNI0000303,895f4b2f-954b-4c0f-a93a-de1c4639e735,ACMSP123,,,,
MathsPathway,PNI0000304,896109a9-763f-420e-bfdc-0cd2056c9304,ACMSP122,,,,
MathsPathway,PNI0000305,8a79fbf0-f5ed-4b7d-a1d5-c928cc68094a,ACMSP121,,,,
MathsPathway,PNI0000306,8a96d547-f244-42e3-8e20-3335b24708cb,ACMSP120,,,,
MathsPathway,PNI0000307,8abd59c8-47ed-4693-9b6c-1e33ee9e32b2,ACMSP119,,,,
MathsPathway,PNI0000308,8b749c2a-ca47-49b7-b516-f02794252e63,ACMSP118,,,,
MathsPathway,PNI0000309,8c6fffaf-4151-420e-ad29-5bed6f7fe4b3,ACMSP117,,,,
MathsPathway,PNI0000310,8d9de071-cda6-44fd-80e6-ae9ba6758116,ACMSP116,,,,
MathsPathway,PNI0000311,8e1628cb-030d-4802-9054-eb07ce5542d5,ACMSP115,,,,
MathsPathway,PNI0000312,8e878d4a-226a-40ed-bef3-4e1082fee536,ACMSP114,,,,
MathsPathway,PNI0000313,8fce61ae-dc44-4866-b3ca-e76606ee4a09,ACMSP113,,,,
MathsPathway,PNI0000314,90265b7c-5281-40ab-aeae-7b6cc8c09c2b,ACMSP112,,,,
MathsPathway,PNI0000315,9061941e-b3db-4aa2-aec3-79d199aff0eb,ACMSP111,,,,
MathsPathway,PNI0000316,909353d9-ad7a-4223-aa3c-d38db4021a50,ACMSP110,,,,
MathsPathway,PNI0000317,90b6c067-20e8-4623-b197-7d40decc9838,ACMSP109,,,,
MathsPathway,PNI0000318,92cf7f45-3257-4a6d-b611-0a660aef0c9e,ACMSP108,,,,